"sldu","Variable","col","Value"
"District 1","Cash Assistance/SNAP","With",2684
"District 10","Cash Assistance/SNAP","With",1900
"District 11","Cash Assistance/SNAP","With",305
"District 12","Cash Assistance/SNAP","With",3499
"District 13","Cash Assistance/SNAP","With",3781
"District 14","Cash Assistance/SNAP","With",3465
"District 15","Cash Assistance/SNAP","With",3886
"District 16","Cash Assistance/SNAP","With",1455
"District 17","Cash Assistance/SNAP","With",3255
"District 18","Cash Assistance/SNAP","With",3884
"District 19","Cash Assistance/SNAP","With",3956
"District 2","Cash Assistance/SNAP","With",2272
"District 20","Cash Assistance/SNAP","With",2398
"District 21","Cash Assistance/SNAP","With",1785
"District 22","Cash Assistance/SNAP","With",1819
"District 23","Cash Assistance/SNAP","With",1273
"District 24","Cash Assistance/SNAP","With",3127
"District 25","Cash Assistance/SNAP","With",5671
"District 26","Cash Assistance/SNAP","With",1861
"District 27","Cash Assistance/SNAP","With",1195
"District 28","Cash Assistance/SNAP","With",5092
"District 29","Cash Assistance/SNAP","With",5912
"District 3","Cash Assistance/SNAP","With",2060
"District 30","Cash Assistance/SNAP","With",3418
"District 31","Cash Assistance/SNAP","With",2297
"District 32","Cash Assistance/SNAP","With",3205
"District 33","Cash Assistance/SNAP","With",2691
"District 34","Cash Assistance/SNAP","With",3440
"District 35","Cash Assistance/SNAP","With",2221
"District 36","Cash Assistance/SNAP","With",2262
"District 37","Cash Assistance/SNAP","With",1503
"District 38","Cash Assistance/SNAP","With",2672
"District 39","Cash Assistance/SNAP","With",2479
"District 4","Cash Assistance/SNAP","With",6553
"District 40","Cash Assistance/SNAP","With",2432
"District 5","Cash Assistance/SNAP","With",2241
"District 6","Cash Assistance/SNAP","With",4195
"District 7","Cash Assistance/SNAP","With",885
"District 8","Cash Assistance/SNAP","With",1150
"District 9","Cash Assistance/SNAP","With",1650
"District 1","Cash Assistance/SNAP","Without",25353
"District 10","Cash Assistance/SNAP","Without",25624
"District 11","Cash Assistance/SNAP","Without",27597
"District 12","Cash Assistance/SNAP","Without",23983
"District 13","Cash Assistance/SNAP","Without",23824
"District 14","Cash Assistance/SNAP","Without",24475
"District 15","Cash Assistance/SNAP","Without",23603
"District 16","Cash Assistance/SNAP","Without",25094
"District 17","Cash Assistance/SNAP","Without",24769
"District 18","Cash Assistance/SNAP","Without",23425
"District 19","Cash Assistance/SNAP","Without",22800
"District 2","Cash Assistance/SNAP","Without",29582
"District 20","Cash Assistance/SNAP","Without",27987
"District 21","Cash Assistance/SNAP","Without",28400
"District 22","Cash Assistance/SNAP","Without",29150
"District 23","Cash Assistance/SNAP","Without",23468
"District 24","Cash Assistance/SNAP","Without",25189
"District 25","Cash Assistance/SNAP","Without",24165
"District 26","Cash Assistance/SNAP","Without",23127
"District 27","Cash Assistance/SNAP","Without",25145
"District 28","Cash Assistance/SNAP","Without",22526
"District 29","Cash Assistance/SNAP","Without",20950
"District 3","Cash Assistance/SNAP","Without",25943
"District 30","Cash Assistance/SNAP","Without",26804
"District 31","Cash Assistance/SNAP","Without",24793
"District 32","Cash Assistance/SNAP","Without",23571
"District 33","Cash Assistance/SNAP","Without",26452
"District 34","Cash Assistance/SNAP","Without",23984
"District 35","Cash Assistance/SNAP","Without",25587
"District 36","Cash Assistance/SNAP","Without",27728
"District 37","Cash Assistance/SNAP","Without",24529
"District 38","Cash Assistance/SNAP","Without",20885
"District 39","Cash Assistance/SNAP","Without",21884
"District 4","Cash Assistance/SNAP","Without",19971
"District 40","Cash Assistance/SNAP","Without",28798
"District 5","Cash Assistance/SNAP","Without",22274
"District 6","Cash Assistance/SNAP","Without",21883
"District 7","Cash Assistance/SNAP","Without",31787
"District 8","Cash Assistance/SNAP","Without",29457
"District 9","Cash Assistance/SNAP","Without",25077
"District 1","Citizen","Born Abroad",357
"District 10","Citizen","Born Abroad",504
"District 11","Citizen","Born Abroad",333
"District 12","Citizen","Born Abroad",299
"District 13","Citizen","Born Abroad",313
"District 14","Citizen","Born Abroad",324
"District 15","Citizen","Born Abroad",403
"District 16","Citizen","Born Abroad",704
"District 17","Citizen","Born Abroad",1183
"District 18","Citizen","Born Abroad",439
"District 19","Citizen","Born Abroad",375
"District 2","Citizen","Born Abroad",625
"District 20","Citizen","Born Abroad",351
"District 21","Citizen","Born Abroad",704
"District 22","Citizen","Born Abroad",1690
"District 23","Citizen","Born Abroad",464
"District 24","Citizen","Born Abroad",642
"District 25","Citizen","Born Abroad",403
"District 26","Citizen","Born Abroad",534
"District 27","Citizen","Born Abroad",652
"District 28","Citizen","Born Abroad",722
"District 29","Citizen","Born Abroad",254
"District 3","Citizen","Born Abroad",535
"District 30","Citizen","Born Abroad",805
"District 31","Citizen","Born Abroad",448
"District 32","Citizen","Born Abroad",299
"District 33","Citizen","Born Abroad",252
"District 34","Citizen","Born Abroad",315
"District 35","Citizen","Born Abroad",553
"District 36","Citizen","Born Abroad",397
"District 37","Citizen","Born Abroad",467
"District 38","Citizen","Born Abroad",360
"District 39","Citizen","Born Abroad",400
"District 4","Citizen","Born Abroad",261
"District 40","Citizen","Born Abroad",271
"District 5","Citizen","Born Abroad",1377
"District 6","Citizen","Born Abroad",352
"District 7","Citizen","Born Abroad",511
"District 8","Citizen","Born Abroad",764
"District 9","Citizen","Born Abroad",565
"District 1","Citizen","Naturalized",407
"District 10","Citizen","Naturalized",2002
"District 11","Citizen","Naturalized",3524
"District 12","Citizen","Naturalized",266
"District 13","Citizen","Naturalized",695
"District 14","Citizen","Naturalized",463
"District 15","Citizen","Naturalized",435
"District 16","Citizen","Naturalized",2345
"District 17","Citizen","Naturalized",2213
"District 18","Citizen","Naturalized",617
"District 19","Citizen","Naturalized",1015
"District 2","Citizen","Naturalized",1660
"District 20","Citizen","Naturalized",1409
"District 21","Citizen","Naturalized",2670
"District 22","Citizen","Naturalized",1964
"District 23","Citizen","Naturalized",2691
"District 24","Citizen","Naturalized",1508
"District 25","Citizen","Naturalized",2513
"District 26","Citizen","Naturalized",1542
"District 27","Citizen","Naturalized",1949
"District 28","Citizen","Naturalized",2668
"District 29","Citizen","Naturalized",2578
"District 3","Citizen","Naturalized",1001
"District 30","Citizen","Naturalized",5115
"District 31","Citizen","Naturalized",1799
"District 32","Citizen","Naturalized",665
"District 33","Citizen","Naturalized",803
"District 34","Citizen","Naturalized",445
"District 35","Citizen","Naturalized",473
"District 36","Citizen","Naturalized",449
"District 37","Citizen","Naturalized",1639
"District 38","Citizen","Naturalized",4446
"District 39","Citizen","Naturalized",3471
"District 4","Citizen","Naturalized",2017
"District 40","Citizen","Naturalized",691
"District 5","Citizen","Naturalized",1300
"District 6","Citizen","Naturalized",2708
"District 7","Citizen","Naturalized",2013
"District 8","Citizen","Naturalized",3180
"District 9","Citizen","Naturalized",2495
"District 1","Citizen","U.S. Born",70023
"District 10","Citizen","U.S. Born",67685
"District 11","Citizen","U.S. Born",64466
"District 12","Citizen","U.S. Born",68448
"District 13","Citizen","U.S. Born",69466
"District 14","Citizen","U.S. Born",68385
"District 15","Citizen","U.S. Born",67620
"District 16","Citizen","U.S. Born",67703
"District 17","Citizen","U.S. Born",67181
"District 18","Citizen","U.S. Born",67815
"District 19","Citizen","U.S. Born",67034
"District 2","Citizen","U.S. Born",76437
"District 20","Citizen","U.S. Born",68135
"District 21","Citizen","U.S. Born",66840
"District 22","Citizen","U.S. Born",79119
"District 23","Citizen","U.S. Born",64312
"District 24","Citizen","U.S. Born",66715
"District 25","Citizen","U.S. Born",64987
"District 26","Citizen","U.S. Born",68248
"District 27","Citizen","U.S. Born",67521
"District 28","Citizen","U.S. Born",64642
"District 29","Citizen","U.S. Born",58930
"District 3","Citizen","U.S. Born",71202
"District 30","Citizen","U.S. Born",63416
"District 31","Citizen","U.S. Born",69328
"District 32","Citizen","U.S. Born",67343
"District 33","Citizen","U.S. Born",66454
"District 34","Citizen","U.S. Born",67862
"District 35","Citizen","U.S. Born",67450
"District 36","Citizen","U.S. Born",67065
"District 37","Citizen","U.S. Born",70478
"District 38","Citizen","U.S. Born",52692
"District 39","Citizen","U.S. Born",56488
"District 4","Citizen","U.S. Born",60478
"District 40","Citizen","U.S. Born",71226
"District 5","Citizen","U.S. Born",68744
"District 6","Citizen","U.S. Born",57127
"District 7","Citizen","U.S. Born",68130
"District 8","Citizen","U.S. Born",63521
"District 9","Citizen","U.S. Born",67498
"District 1","Citizen","U.S. Islands",21
"District 10","Citizen","U.S. Islands",78
"District 11","Citizen","U.S. Islands",42
"District 12","Citizen","U.S. Islands",89
"District 13","Citizen","U.S. Islands",2
"District 14","Citizen","U.S. Islands",32
"District 15","Citizen","U.S. Islands",8
"District 16","Citizen","U.S. Islands",117
"District 17","Citizen","U.S. Islands",444
"District 18","Citizen","U.S. Islands",87
"District 19","Citizen","U.S. Islands",156
"District 2","Citizen","U.S. Islands",117
"District 20","Citizen","U.S. Islands",204
"District 21","Citizen","U.S. Islands",56
"District 22","Citizen","U.S. Islands",235
"District 23","Citizen","U.S. Islands",13
"District 24","Citizen","U.S. Islands",73
"District 25","Citizen","U.S. Islands",51
"District 26","Citizen","U.S. Islands",37
"District 27","Citizen","U.S. Islands",73
"District 28","Citizen","U.S. Islands",126
"District 29","Citizen","U.S. Islands",100
"District 3","Citizen","U.S. Islands",54
"District 30","Citizen","U.S. Islands",111
"District 31","Citizen","U.S. Islands",48
"District 32","Citizen","U.S. Islands",68
"District 33","Citizen","U.S. Islands",17
"District 34","Citizen","U.S. Islands",52
"District 35","Citizen","U.S. Islands",6
"District 36","Citizen","U.S. Islands",4
"District 37","Citizen","U.S. Islands",84
"District 38","Citizen","U.S. Islands",11
"District 39","Citizen","U.S. Islands",49
"District 4","Citizen","U.S. Islands",140
"District 40","Citizen","U.S. Islands",72
"District 5","Citizen","U.S. Islands",185
"District 6","Citizen","U.S. Islands",25
"District 7","Citizen","U.S. Islands",36
"District 8","Citizen","U.S. Islands",60
"District 9","Citizen","U.S. Islands",101
"District 1","Citizen","Not",458
"District 10","Citizen","Not",1886
"District 11","Citizen","Not",3307
"District 12","Citizen","Not",398
"District 13","Citizen","Not",1243
"District 14","Citizen","Not",425
"District 15","Citizen","Not",1128
"District 16","Citizen","Not",1560
"District 17","Citizen","Not",3724
"District 18","Citizen","Not",1687
"District 19","Citizen","Not",2264
"District 2","Citizen","Not",3526
"District 20","Citizen","Not",1437
"District 21","Citizen","Not",4310
"District 22","Citizen","Not",4017
"District 23","Citizen","Not",5467
"District 24","Citizen","Not",1836
"District 25","Citizen","Not",4491
"District 26","Citizen","Not",1106
"District 27","Citizen","Not",882
"District 28","Citizen","Not",4640
"District 29","Citizen","Not",7095
"District 3","Citizen","Not",2511
"District 30","Citizen","Not",4421
"District 31","Citizen","Not",1824
"District 32","Citizen","Not",1003
"District 33","Citizen","Not",2484
"District 34","Citizen","Not",1386
"District 35","Citizen","Not",876
"District 36","Citizen","Not",544
"District 37","Citizen","Not",1224
"District 38","Citizen","Not",13317
"District 39","Citizen","Not",9664
"District 4","Citizen","Not",9942
"District 40","Citizen","Not",1170
"District 5","Citizen","Not",1457
"District 6","Citizen","Not",9821
"District 7","Citizen","Not",1942
"District 8","Citizen","Not",3883
"District 9","Citizen","Not",4082
"District 1","Disability","Yes",10028
"District 10","Disability","Yes",6768
"District 11","Disability","Yes",4827
"District 12","Disability","Yes",10704
"District 13","Disability","Yes",12453
"District 14","Disability","Yes",11350
"District 15","Disability","Yes",12220
"District 16","Disability","Yes",6753
"District 17","Disability","Yes",8656
"District 18","Disability","Yes",9932
"District 19","Disability","Yes",10453
"District 2","Disability","Yes",8287
"District 20","Disability","Yes",9947
"District 21","Disability","Yes",7305
"District 22","Disability","Yes",7039
"District 23","Disability","Yes",5440
"District 24","Disability","Yes",9198
"District 25","Disability","Yes",11143
"District 26","Disability","Yes",7277
"District 27","Disability","Yes",6127
"District 28","Disability","Yes",9972
"District 29","Disability","Yes",9715
"District 3","Disability","Yes",8282
"District 30","Disability","Yes",8105
"District 31","Disability","Yes",8256
"District 32","Disability","Yes",9897
"District 33","Disability","Yes",10051
"District 34","Disability","Yes",9742
"District 35","Disability","Yes",9058
"District 36","Disability","Yes",10415
"District 37","Disability","Yes",6964
"District 38","Disability","Yes",6607
"District 39","Disability","Yes",7050
"District 4","Disability","Yes",12216
"District 40","Disability","Yes",9665
"District 5","Disability","Yes",9680
"District 6","Disability","Yes",9090
"District 7","Disability","Yes",7002
"District 8","Disability","Yes",6805
"District 9","Disability","Yes",6466
"District 1","Disability","No",60168
"District 10","Disability","No",64838
"District 11","Disability","No",66080
"District 12","Disability","No",57945
"District 13","Disability","No",58117
"District 14","Disability","No",56218
"District 15","Disability","No",56328
"District 16","Disability","No",64645
"District 17","Disability","No",60749
"District 18","Disability","No",59292
"District 19","Disability","No",59135
"District 2","Disability","No",73471
"District 20","Disability","No",60684
"District 21","Disability","No",66756
"District 22","Disability","No",72569
"District 23","Disability","No",67162
"District 24","Disability","No",60419
"District 25","Disability","No",60373
"District 26","Disability","No",63324
"District 27","Disability","No",64600
"District 28","Disability","No",62128
"District 29","Disability","No",57659
"District 3","Disability","No",66460
"District 30","Disability","No",64436
"District 31","Disability","No",64441
"District 32","Disability","No",57521
"District 33","Disability","No",57810
"District 34","Disability","No",57698
"District 35","Disability","No",57784
"District 36","Disability","No",56549
"District 37","Disability","No",66432
"District 38","Disability","No",63268
"District 39","Disability","No",62316
"District 4","Disability","No",59786
"District 40","Disability","No",62066
"District 5","Disability","No",56234
"District 6","Disability","No",60835
"District 7","Disability","No",65367
"District 8","Disability","No",64470
"District 9","Disability","No",66794
"District 1","Education","Less than 9th Grade",1251
"District 10","Education","Less than 9th Grade",1009
"District 11","Education","Less than 9th Grade",236
"District 12","Education","Less than 9th Grade",1484
"District 13","Education","Less than 9th Grade",2050
"District 14","Education","Less than 9th Grade",1346
"District 15","Education","Less than 9th Grade",1660
"District 16","Education","Less than 9th Grade",674
"District 17","Education","Less than 9th Grade",1841
"District 18","Education","Less than 9th Grade",1179
"District 19","Education","Less than 9th Grade",2300
"District 2","Education","Less than 9th Grade",661
"District 20","Education","Less than 9th Grade",967
"District 21","Education","Less than 9th Grade",1288
"District 22","Education","Less than 9th Grade",766
"District 23","Education","Less than 9th Grade",1245
"District 24","Education","Less than 9th Grade",1689
"District 25","Education","Less than 9th Grade",3172
"District 26","Education","Less than 9th Grade",1062
"District 27","Education","Less than 9th Grade",721
"District 28","Education","Less than 9th Grade",2911
"District 29","Education","Less than 9th Grade",3521
"District 3","Education","Less than 9th Grade",1174
"District 30","Education","Less than 9th Grade",1559
"District 31","Education","Less than 9th Grade",1492
"District 32","Education","Less than 9th Grade",1510
"District 33","Education","Less than 9th Grade",2093
"District 34","Education","Less than 9th Grade",2033
"District 35","Education","Less than 9th Grade",2256
"District 36","Education","Less than 9th Grade",1359
"District 37","Education","Less than 9th Grade",586
"District 38","Education","Less than 9th Grade",7768
"District 39","Education","Less than 9th Grade",6383
"District 4","Education","Less than 9th Grade",5244
"District 40","Education","Less than 9th Grade",1608
"District 5","Education","Less than 9th Grade",1420
"District 6","Education","Less than 9th Grade",4591
"District 7","Education","Less than 9th Grade",569
"District 8","Education","Less than 9th Grade",526
"District 9","Education","Less than 9th Grade",1511
"District 1","Education","9th to 12th Grade, No Diploma",2967
"District 10","Education","9th to 12th Grade, No Diploma",2212
"District 11","Education","9th to 12th Grade, No Diploma",1371
"District 12","Education","9th to 12th Grade, No Diploma",3332
"District 13","Education","9th to 12th Grade, No Diploma",3849
"District 14","Education","9th to 12th Grade, No Diploma",4216
"District 15","Education","9th to 12th Grade, No Diploma",4195
"District 16","Education","9th to 12th Grade, No Diploma",2269
"District 17","Education","9th to 12th Grade, No Diploma",3292
"District 18","Education","9th to 12th Grade, No Diploma",3756
"District 19","Education","9th to 12th Grade, No Diploma",4554
"District 2","Education","9th to 12th Grade, No Diploma",1831
"District 20","Education","9th to 12th Grade, No Diploma",2455
"District 21","Education","9th to 12th Grade, No Diploma",2041
"District 22","Education","9th to 12th Grade, No Diploma",1972
"District 23","Education","9th to 12th Grade, No Diploma",2153
"District 24","Education","9th to 12th Grade, No Diploma",4144
"District 25","Education","9th to 12th Grade, No Diploma",6225
"District 26","Education","9th to 12th Grade, No Diploma",3241
"District 27","Education","9th to 12th Grade, No Diploma",1710
"District 28","Education","9th to 12th Grade, No Diploma",5906
"District 29","Education","9th to 12th Grade, No Diploma",5896
"District 3","Education","9th to 12th Grade, No Diploma",3133
"District 30","Education","9th to 12th Grade, No Diploma",3667
"District 31","Education","9th to 12th Grade, No Diploma",3428
"District 32","Education","9th to 12th Grade, No Diploma",3802
"District 33","Education","9th to 12th Grade, No Diploma",4796
"District 34","Education","9th to 12th Grade, No Diploma",4784
"District 35","Education","9th to 12th Grade, No Diploma",3598
"District 36","Education","9th to 12th Grade, No Diploma",3322
"District 37","Education","9th to 12th Grade, No Diploma",2113
"District 38","Education","9th to 12th Grade, No Diploma",6369
"District 39","Education","9th to 12th Grade, No Diploma",6092
"District 4","Education","9th to 12th Grade, No Diploma",7395
"District 40","Education","9th to 12th Grade, No Diploma",3045
"District 5","Education","9th to 12th Grade, No Diploma",3811
"District 6","Education","9th to 12th Grade, No Diploma",6844
"District 7","Education","9th to 12th Grade, No Diploma",1365
"District 8","Education","9th to 12th Grade, No Diploma",1179
"District 9","Education","9th to 12th Grade, No Diploma",2105
"District 1","Education","High School Diploma or Equivalent",20889
"District 10","Education","High School Diploma or Equivalent",11804
"District 11","Education","High School Diploma or Equivalent",4687
"District 12","Education","High School Diploma or Equivalent",18548
"District 13","Education","High School Diploma or Equivalent",16312
"District 14","Education","High School Diploma or Equivalent",18081
"District 15","Education","High School Diploma or Equivalent",16911
"District 16","Education","High School Diploma or Equivalent",11382
"District 17","Education","High School Diploma or Equivalent",17410
"District 18","Education","High School Diploma or Equivalent",17117
"District 19","Education","High School Diploma or Equivalent",19775
"District 2","Education","High School Diploma or Equivalent",12705
"District 20","Education","High School Diploma or Equivalent",14369
"District 21","Education","High School Diploma or Equivalent",9343
"District 22","Education","High School Diploma or Equivalent",14370
"District 23","Education","High School Diploma or Equivalent",9530
"District 24","Education","High School Diploma or Equivalent",17922
"District 25","Education","High School Diploma or Equivalent",18318
"District 26","Education","High School Diploma or Equivalent",15095
"District 27","Education","High School Diploma or Equivalent",11696
"District 28","Education","High School Diploma or Equivalent",16962
"District 29","Education","High School Diploma or Equivalent",13714
"District 3","Education","High School Diploma or Equivalent",15888
"District 30","Education","High School Diploma or Equivalent",12451
"District 31","Education","High School Diploma or Equivalent",14686
"District 32","Education","High School Diploma or Equivalent",17494
"District 33","Education","High School Diploma or Equivalent",16848
"District 34","Education","High School Diploma or Equivalent",15940
"District 35","Education","High School Diploma or Equivalent",16961
"District 36","Education","High School Diploma or Equivalent",18734
"District 37","Education","High School Diploma or Equivalent",12126
"District 38","Education","High School Diploma or Equivalent",12867
"District 39","Education","High School Diploma or Equivalent",13186
"District 4","Education","High School Diploma or Equivalent",17544
"District 40","Education","High School Diploma or Equivalent",16885
"District 5","Education","High School Diploma or Equivalent",16213
"District 6","Education","High School Diploma or Equivalent",16129
"District 7","Education","High School Diploma or Equivalent",7125
"District 8","Education","High School Diploma or Equivalent",6865
"District 9","Education","High School Diploma or Equivalent",11316
"District 1","Education","Some College, No Degree",14262
"District 10","Education","Some College, No Degree",12599
"District 11","Education","Some College, No Degree",8602
"District 12","Education","Some College, No Degree",14982
"District 13","Education","Some College, No Degree",16585
"District 14","Education","Some College, No Degree",15295
"District 15","Education","Some College, No Degree",15360
"District 16","Education","Some College, No Degree",14270
"District 17","Education","Some College, No Degree",16864
"District 18","Education","Some College, No Degree",14468
"District 19","Education","Some College, No Degree",12780
"District 2","Education","Some College, No Degree",23489
"District 20","Education","Some College, No Degree",13813
"District 21","Education","Some College, No Degree",14382
"District 22","Education","Some College, No Degree",27937
"District 23","Education","Some College, No Degree",13470
"District 24","Education","Some College, No Degree",14620
"District 25","Education","Some College, No Degree",14744
"District 26","Education","Some College, No Degree",14838
"District 27","Education","Some College, No Degree",14341
"District 28","Education","Some College, No Degree",15206
"District 29","Education","Some College, No Degree",15283
"District 3","Education","Some College, No Degree",16961
"District 30","Education","Some College, No Degree",14121
"District 31","Education","Some College, No Degree",14858
"District 32","Education","Some College, No Degree",14976
"District 33","Education","Some College, No Degree",14548
"District 34","Education","Some College, No Degree",15992
"District 35","Education","Some College, No Degree",15411
"District 36","Education","Some College, No Degree",14310
"District 37","Education","Some College, No Degree",12631
"District 38","Education","Some College, No Degree",11383
"District 39","Education","Some College, No Degree",11776
"District 4","Education","Some College, No Degree",12620
"District 40","Education","Some College, No Degree",17215
"District 5","Education","Some College, No Degree",13621
"District 6","Education","Some College, No Degree",11855
"District 7","Education","Some College, No Degree",10982
"District 8","Education","Some College, No Degree",12256
"District 9","Education","Some College, No Degree",12579
"District 1","Education","Associate's Degree",4182
"District 10","Education","Associate's Degree",4502
"District 11","Education","Associate's Degree",2813
"District 12","Education","Associate's Degree",5129
"District 13","Education","Associate's Degree",4730
"District 14","Education","Associate's Degree",4937
"District 15","Education","Associate's Degree",6034
"District 16","Education","Associate's Degree",4685
"District 17","Education","Associate's Degree",4327
"District 18","Education","Associate's Degree",4053
"District 19","Education","Associate's Degree",3108
"District 2","Education","Associate's Degree",3771
"District 20","Education","Associate's Degree",3746
"District 21","Education","Associate's Degree",4160
"District 22","Education","Associate's Degree",4587
"District 23","Education","Associate's Degree",4460
"District 24","Education","Associate's Degree",3864
"District 25","Education","Associate's Degree",3142
"District 26","Education","Associate's Degree",4493
"District 27","Education","Associate's Degree",4023
"District 28","Education","Associate's Degree",3258
"District 29","Education","Associate's Degree",2790
"District 3","Education","Associate's Degree",3760
"District 30","Education","Associate's Degree",4047
"District 31","Education","Associate's Degree",3853
"District 32","Education","Associate's Degree",5083
"District 33","Education","Associate's Degree",5432
"District 34","Education","Associate's Degree",5250
"District 35","Education","Associate's Degree",4021
"District 36","Education","Associate's Degree",5494
"District 37","Education","Associate's Degree",4695
"District 38","Education","Associate's Degree",3616
"District 39","Education","Associate's Degree",3429
"District 4","Education","Associate's Degree",3349
"District 40","Education","Associate's Degree",5393
"District 5","Education","Associate's Degree",4639
"District 6","Education","Associate's Degree",3243
"District 7","Education","Associate's Degree",3125
"District 8","Education","Associate's Degree",4412
"District 9","Education","Associate's Degree",3935
"District 1","Education","Bachelor's Degree",7052
"District 10","Education","Bachelor's Degree",14433
"District 11","Education","Bachelor's Degree",20891
"District 12","Education","Bachelor's Degree",6069
"District 13","Education","Bachelor's Degree",7646
"District 14","Education","Bachelor's Degree",6661
"District 15","Education","Bachelor's Degree",5764
"District 16","Education","Bachelor's Degree",13091
"District 17","Education","Bachelor's Degree",7683
"District 18","Education","Bachelor's Degree",8244
"District 19","Education","Bachelor's Degree",6196
"District 2","Education","Bachelor's Degree",14050
"District 20","Education","Bachelor's Degree",12890
"District 21","Education","Bachelor's Degree",17080
"District 22","Education","Bachelor's Degree",12083
"District 23","Education","Bachelor's Degree",14228
"District 24","Education","Bachelor's Degree",7310
"District 25","Education","Bachelor's Degree",5962
"District 26","Education","Bachelor's Degree",8943
"District 27","Education","Bachelor's Degree",14492
"District 28","Education","Bachelor's Degree",5197
"District 29","Education","Bachelor's Degree",6593
"District 3","Education","Bachelor's Degree",10919
"District 30","Education","Bachelor's Degree",12325
"District 31","Education","Bachelor's Degree",10545
"District 32","Education","Bachelor's Degree",6647
"District 33","Education","Bachelor's Degree",7213
"District 34","Education","Bachelor's Degree",6714
"District 35","Education","Bachelor's Degree",8227
"District 36","Education","Bachelor's Degree",6911
"District 37","Education","Bachelor's Degree",13599
"District 38","Education","Bachelor's Degree",5337
"District 39","Education","Bachelor's Degree",5650
"District 4","Education","Bachelor's Degree",3905
"District 40","Education","Bachelor's Degree",9752
"District 5","Education","Bachelor's Degree",8643
"District 6","Education","Bachelor's Degree",5533
"District 7","Education","Bachelor's Degree",20900
"District 8","Education","Bachelor's Degree",19937
"District 9","Education","Bachelor's Degree",15068
"District 1","Education","Graduate or Professional Degree",3231
"District 10","Education","Graduate or Professional Degree",7162
"District 11","Education","Graduate or Professional Degree",14732
"District 12","Education","Graduate or Professional Degree",2691
"District 13","Education","Graduate or Professional Degree",4170
"District 14","Education","Graduate or Professional Degree",2629
"District 15","Education","Graduate or Professional Degree",3039
"District 16","Education","Graduate or Professional Degree",6757
"District 17","Education","Graduate or Professional Degree",3627
"District 18","Education","Graduate or Professional Degree",3909
"District 19","Education","Graduate or Professional Degree",3584
"District 2","Education","Graduate or Professional Degree",11244
"District 20","Education","Graduate or Professional Degree",6974
"District 21","Education","Graduate or Professional Degree",8848
"District 22","Education","Graduate or Professional Degree",8415
"District 23","Education","Graduate or Professional Degree",6114
"District 24","Education","Graduate or Professional Degree",3775
"District 25","Education","Graduate or Professional Degree",2583
"District 26","Education","Graduate or Professional Degree",3755
"District 27","Education","Graduate or Professional Degree",5494
"District 28","Education","Graduate or Professional Degree",1791
"District 29","Education","Graduate or Professional Degree",3571
"District 3","Education","Graduate or Professional Degree",6309
"District 30","Education","Graduate or Professional Degree",7639
"District 31","Education","Graduate or Professional Degree",4813
"District 32","Education","Graduate or Professional Degree",3068
"District 33","Education","Graduate or Professional Degree",2835
"District 34","Education","Graduate or Professional Degree",3033
"District 35","Education","Graduate or Professional Degree",3597
"District 36","Education","Graduate or Professional Degree",3201
"District 37","Education","Graduate or Professional Degree",6357
"District 38","Education","Graduate or Professional Degree",1943
"District 39","Education","Graduate or Professional Degree",2235
"District 4","Education","Graduate or Professional Degree",1791
"District 40","Education","Graduate or Professional Degree",3703
"District 5","Education","Graduate or Professional Degree",6087
"District 6","Education","Graduate or Professional Degree",2218
"District 7","Education","Graduate or Professional Degree",12923
"District 8","Education","Graduate or Professional Degree",10871
"District 9","Education","Graduate or Professional Degree",7166
"District 1","Voting Age Population (Gender)","Male",26500
"District 10","Voting Age Population (Gender)","Male",25547
"District 11","Voting Age Population (Gender)","Male",25370
"District 12","Voting Age Population (Gender)","Male",25562
"District 13","Voting Age Population (Gender)","Male",27195
"District 14","Voting Age Population (Gender)","Male",26986
"District 15","Voting Age Population (Gender)","Male",25823
"District 16","Voting Age Population (Gender)","Male",25780
"District 17","Voting Age Population (Gender)","Male",27632
"District 18","Voting Age Population (Gender)","Male",26142
"District 19","Voting Age Population (Gender)","Male",25061
"District 2","Voting Age Population (Gender)","Male",33642
"District 20","Voting Age Population (Gender)","Male",25691
"District 21","Voting Age Population (Gender)","Male",27712
"District 22","Voting Age Population (Gender)","Male",37214
"District 23","Voting Age Population (Gender)","Male",25382
"District 24","Voting Age Population (Gender)","Male",26155
"District 25","Voting Age Population (Gender)","Male",26643
"District 26","Voting Age Population (Gender)","Male",25348
"District 27","Voting Age Population (Gender)","Male",25035
"District 28","Voting Age Population (Gender)","Male",25296
"District 29","Voting Age Population (Gender)","Male",25685
"District 3","Voting Age Population (Gender)","Male",29167
"District 30","Voting Age Population (Gender)","Male",27232
"District 31","Voting Age Population (Gender)","Male",25826
"District 32","Voting Age Population (Gender)","Male",26237
"District 33","Voting Age Population (Gender)","Male",27007
"District 34","Voting Age Population (Gender)","Male",26858
"District 35","Voting Age Population (Gender)","Male",27050
"District 36","Voting Age Population (Gender)","Male",26431
"District 37","Voting Age Population (Gender)","Male",26188
"District 38","Voting Age Population (Gender)","Male",25162
"District 39","Voting Age Population (Gender)","Male",24521
"District 4","Voting Age Population (Gender)","Male",24432
"District 40","Voting Age Population (Gender)","Male",28957
"District 5","Voting Age Population (Gender)","Male",29137
"District 6","Voting Age Population (Gender)","Male",25537
"District 7","Voting Age Population (Gender)","Male",26805
"District 8","Voting Age Population (Gender)","Male",26042
"District 9","Voting Age Population (Gender)","Male",26090
"District 1","Voting Age Population (Gender)","Female",27334
"District 10","Voting Age Population (Gender)","Female",28174
"District 11","Voting Age Population (Gender)","Female",27962
"District 12","Voting Age Population (Gender)","Female",26673
"District 13","Voting Age Population (Gender)","Female",28147
"District 14","Voting Age Population (Gender)","Female",26179
"District 15","Voting Age Population (Gender)","Female",27140
"District 16","Voting Age Population (Gender)","Female",27348
"District 17","Voting Age Population (Gender)","Female",27412
"District 18","Voting Age Population (Gender)","Female",26584
"District 19","Voting Age Population (Gender)","Female",27236
"District 2","Voting Age Population (Gender)","Female",34109
"District 20","Voting Age Population (Gender)","Female",29523
"District 21","Voting Age Population (Gender)","Female",29430
"District 22","Voting Age Population (Gender)","Female",32916
"District 23","Voting Age Population (Gender)","Female",25818
"District 24","Voting Age Population (Gender)","Female",27169
"District 25","Voting Age Population (Gender)","Female",27503
"District 26","Voting Age Population (Gender)","Female",26079
"District 27","Voting Age Population (Gender)","Female",27442
"District 28","Voting Age Population (Gender)","Female",25935
"District 29","Voting Age Population (Gender)","Female",25683
"District 3","Voting Age Population (Gender)","Female",28977
"District 30","Voting Age Population (Gender)","Female",28577
"District 31","Voting Age Population (Gender)","Female",27849
"District 32","Voting Age Population (Gender)","Female",26343
"District 33","Voting Age Population (Gender)","Female",26758
"District 34","Voting Age Population (Gender)","Female",26888
"District 35","Voting Age Population (Gender)","Female",27021
"District 36","Voting Age Population (Gender)","Female",26900
"District 37","Voting Age Population (Gender)","Female",25919
"District 38","Voting Age Population (Gender)","Female",24121
"District 39","Voting Age Population (Gender)","Female",24230
"District 4","Voting Age Population (Gender)","Female",27416
"District 40","Voting Age Population (Gender)","Female",28644
"District 5","Voting Age Population (Gender)","Female",25297
"District 6","Voting Age Population (Gender)","Female",24876
"District 7","Voting Age Population (Gender)","Female",30184
"District 8","Voting Age Population (Gender)","Female",30004
"District 9","Voting Age Population (Gender)","Female",27590
"District 1","Voting Age Population (Citizenship)","Citizen",53407
"District 10","Voting Age Population (Citizenship)","Citizen",51954
"District 11","Voting Age Population (Citizenship)","Citizen",50458
"District 12","Voting Age Population (Citizenship)","Citizen",51870
"District 13","Voting Age Population (Citizenship)","Citizen",54172
"District 14","Voting Age Population (Citizenship)","Citizen",52785
"District 15","Voting Age Population (Citizenship)","Citizen",51976
"District 16","Voting Age Population (Citizenship)","Citizen",51782
"District 17","Voting Age Population (Citizenship)","Citizen",51516
"District 18","Voting Age Population (Citizenship)","Citizen",51214
"District 19","Voting Age Population (Citizenship)","Citizen",50143
"District 2","Voting Age Population (Citizenship)","Citizen",64514
"District 20","Voting Age Population (Citizenship)","Citizen",53883
"District 21","Voting Age Population (Citizenship)","Citizen",53220
"District 22","Voting Age Population (Citizenship)","Citizen",66285
"District 23","Voting Age Population (Citizenship)","Citizen",46384
"District 24","Voting Age Population (Citizenship)","Citizen",51739
"District 25","Voting Age Population (Citizenship)","Citizen",50031
"District 26","Voting Age Population (Citizenship)","Citizen",50488
"District 27","Voting Age Population (Citizenship)","Citizen",51673
"District 28","Voting Age Population (Citizenship)","Citizen",47043
"District 29","Voting Age Population (Citizenship)","Citizen",44918
"District 3","Voting Age Population (Citizenship)","Citizen",55725
"District 30","Voting Age Population (Citizenship)","Citizen",51864
"District 31","Voting Age Population (Citizenship)","Citizen",52088
"District 32","Voting Age Population (Citizenship)","Citizen",51643
"District 33","Voting Age Population (Citizenship)","Citizen",51586
"District 34","Voting Age Population (Citizenship)","Citizen",52490
"District 35","Voting Age Population (Citizenship)","Citizen",53279
"District 36","Voting Age Population (Citizenship)","Citizen",52840
"District 37","Voting Age Population (Citizenship)","Citizen",51007
"District 38","Voting Age Population (Citizenship)","Citizen",37229
"District 39","Voting Age Population (Citizenship)","Citizen",40211
"District 4","Voting Age Population (Citizenship)","Citizen",43254
"District 40","Voting Age Population (Citizenship)","Citizen",56475
"District 5","Voting Age Population (Citizenship)","Citizen",53110
"District 6","Voting Age Population (Citizenship)","Citizen",41617
"District 7","Voting Age Population (Citizenship)","Citizen",55320
"District 8","Voting Age Population (Citizenship)","Citizen",52729
"District 9","Voting Age Population (Citizenship)","Citizen",49997
"District 1","Voting Age Population (Citizenship)","Not Citizen",427
"District 10","Voting Age Population (Citizenship)","Not Citizen",1767
"District 11","Voting Age Population (Citizenship)","Not Citizen",2874
"District 12","Voting Age Population (Citizenship)","Not Citizen",365
"District 13","Voting Age Population (Citizenship)","Not Citizen",1170
"District 14","Voting Age Population (Citizenship)","Not Citizen",380
"District 15","Voting Age Population (Citizenship)","Not Citizen",987
"District 16","Voting Age Population (Citizenship)","Not Citizen",1346
"District 17","Voting Age Population (Citizenship)","Not Citizen",3528
"District 18","Voting Age Population (Citizenship)","Not Citizen",1512
"District 19","Voting Age Population (Citizenship)","Not Citizen",2154
"District 2","Voting Age Population (Citizenship)","Not Citizen",3237
"District 20","Voting Age Population (Citizenship)","Not Citizen",1331
"District 21","Voting Age Population (Citizenship)","Not Citizen",3922
"District 22","Voting Age Population (Citizenship)","Not Citizen",3845
"District 23","Voting Age Population (Citizenship)","Not Citizen",4816
"District 24","Voting Age Population (Citizenship)","Not Citizen",1585
"District 25","Voting Age Population (Citizenship)","Not Citizen",4115
"District 26","Voting Age Population (Citizenship)","Not Citizen",939
"District 27","Voting Age Population (Citizenship)","Not Citizen",804
"District 28","Voting Age Population (Citizenship)","Not Citizen",4188
"District 29","Voting Age Population (Citizenship)","Not Citizen",6450
"District 3","Voting Age Population (Citizenship)","Not Citizen",2419
"District 30","Voting Age Population (Citizenship)","Not Citizen",3945
"District 31","Voting Age Population (Citizenship)","Not Citizen",1587
"District 32","Voting Age Population (Citizenship)","Not Citizen",937
"District 33","Voting Age Population (Citizenship)","Not Citizen",2179
"District 34","Voting Age Population (Citizenship)","Not Citizen",1256
"District 35","Voting Age Population (Citizenship)","Not Citizen",792
"District 36","Voting Age Population (Citizenship)","Not Citizen",491
"District 37","Voting Age Population (Citizenship)","Not Citizen",1100
"District 38","Voting Age Population (Citizenship)","Not Citizen",12054
"District 39","Voting Age Population (Citizenship)","Not Citizen",8540
"District 4","Voting Age Population (Citizenship)","Not Citizen",8594
"District 40","Voting Age Population (Citizenship)","Not Citizen",1126
"District 5","Voting Age Population (Citizenship)","Not Citizen",1324
"District 6","Voting Age Population (Citizenship)","Not Citizen",8796
"District 7","Voting Age Population (Citizenship)","Not Citizen",1669
"District 8","Voting Age Population (Citizenship)","Not Citizen",3317
"District 9","Voting Age Population (Citizenship)","Not Citizen",3683
"District 1","Voting Age Population (Race)","Asian",285
"District 10","Voting Age Population (Race)","Asian",1378
"District 11","Voting Age Population (Race)","Asian",4190
"District 12","Voting Age Population (Race)","Asian",172
"District 13","Voting Age Population (Race)","Asian",704
"District 14","Voting Age Population (Race)","Asian",211
"District 15","Voting Age Population (Race)","Asian",340
"District 16","Voting Age Population (Race)","Asian",2055
"District 17","Voting Age Population (Race)","Asian",1453
"District 18","Voting Age Population (Race)","Asian",332
"District 19","Voting Age Population (Race)","Asian",217
"District 2","Voting Age Population (Race)","Asian",2644
"District 20","Voting Age Population (Race)","Asian",1147
"District 21","Voting Age Population (Race)","Asian",2285
"District 22","Voting Age Population (Race)","Asian",3194
"District 23","Voting Age Population (Race)","Asian",2655
"District 24","Voting Age Population (Race)","Asian",988
"District 25","Voting Age Population (Race)","Asian",1051
"District 26","Voting Age Population (Race)","Asian",1507
"District 27","Voting Age Population (Race)","Asian",1193
"District 28","Voting Age Population (Race)","Asian",2436
"District 29","Voting Age Population (Race)","Asian",2440
"District 3","Voting Age Population (Race)","Asian",1810
"District 30","Voting Age Population (Race)","Asian",5109
"District 31","Voting Age Population (Race)","Asian",975
"District 32","Voting Age Population (Race)","Asian",525
"District 33","Voting Age Population (Race)","Asian",144
"District 34","Voting Age Population (Race)","Asian",268
"District 35","Voting Age Population (Race)","Asian",307
"District 36","Voting Age Population (Race)","Asian",237
"District 37","Voting Age Population (Race)","Asian",1733
"District 38","Voting Age Population (Race)","Asian",1001
"District 39","Voting Age Population (Race)","Asian",1105
"District 4","Voting Age Population (Race)","Asian",2085
"District 40","Voting Age Population (Race)","Asian",500
"District 5","Voting Age Population (Race)","Asian",887
"District 6","Voting Age Population (Race)","Asian",1581
"District 7","Voting Age Population (Race)","Asian",1378
"District 8","Voting Age Population (Race)","Asian",3253
"District 9","Voting Age Population (Race)","Asian",1854
"District 1","Voting Age Population (Race)","Black/African-American",1072
"District 10","Voting Age Population (Race)","Black/African-American",2846
"District 11","Voting Age Population (Race)","Black/African-American",1465
"District 12","Voting Age Population (Race)","Black/African-American",652
"District 13","Voting Age Population (Race)","Black/African-American",1048
"District 14","Voting Age Population (Race)","Black/African-American",832
"District 15","Voting Age Population (Race)","Black/African-American",2114
"District 16","Voting Age Population (Race)","Black/African-American",2223
"District 17","Voting Age Population (Race)","Black/African-American",5132
"District 18","Voting Age Population (Race)","Black/African-American",2721
"District 19","Voting Age Population (Race)","Black/African-American",4884
"District 2","Voting Age Population (Race)","Black/African-American",2008
"District 20","Voting Age Population (Race)","Black/African-American",2781
"District 21","Voting Age Population (Race)","Black/African-American",3009
"District 22","Voting Age Population (Race)","Black/African-American",3905
"District 23","Voting Age Population (Race)","Black/African-American",2266
"District 24","Voting Age Population (Race)","Black/African-American",1388
"District 25","Voting Age Population (Race)","Black/African-American",3148
"District 26","Voting Age Population (Race)","Black/African-American",370
"District 27","Voting Age Population (Race)","Black/African-American",744
"District 28","Voting Age Population (Race)","Black/African-American",3535
"District 29","Voting Age Population (Race)","Black/African-American",15284
"District 3","Voting Age Population (Race)","Black/African-American",1726
"District 30","Voting Age Population (Race)","Black/African-American",6400
"District 31","Voting Age Population (Race)","Black/African-American",1302
"District 32","Voting Age Population (Race)","Black/African-American",956
"District 33","Voting Age Population (Race)","Black/African-American",836
"District 34","Voting Age Population (Race)","Black/African-American",1477
"District 35","Voting Age Population (Race)","Black/African-American",819
"District 36","Voting Age Population (Race)","Black/African-American",291
"District 37","Voting Age Population (Race)","Black/African-American",1114
"District 38","Voting Age Population (Race)","Black/African-American",1314
"District 39","Voting Age Population (Race)","Black/African-American",732
"District 4","Voting Age Population (Race)","Black/African-American",20540
"District 40","Voting Age Population (Race)","Black/African-American",618
"District 5","Voting Age Population (Race)","Black/African-American",7832
"District 6","Voting Age Population (Race)","Black/African-American",5416
"District 7","Voting Age Population (Race)","Black/African-American",1236
"District 8","Voting Age Population (Race)","Black/African-American",3281
"District 9","Voting Age Population (Race)","Black/African-American",2724
"District 1","Voting Age Population (Race)","Hispanic or Latino/a",1312
"District 10","Voting Age Population (Race)","Hispanic or Latino/a",3489
"District 11","Voting Age Population (Race)","Hispanic or Latino/a",1163
"District 12","Voting Age Population (Race)","Hispanic or Latino/a",1208
"District 13","Voting Age Population (Race)","Hispanic or Latino/a",1668
"District 14","Voting Age Population (Race)","Hispanic or Latino/a",1327
"District 15","Voting Age Population (Race)","Hispanic or Latino/a",2227
"District 16","Voting Age Population (Race)","Hispanic or Latino/a",2231
"District 17","Voting Age Population (Race)","Hispanic or Latino/a",7392
"District 18","Voting Age Population (Race)","Hispanic or Latino/a",3818
"District 19","Voting Age Population (Race)","Hispanic or Latino/a",6354
"District 2","Voting Age Population (Race)","Hispanic or Latino/a",2906
"District 20","Voting Age Population (Race)","Hispanic or Latino/a",2640
"District 21","Voting Age Population (Race)","Hispanic or Latino/a",4596
"District 22","Voting Age Population (Race)","Hispanic or Latino/a",4500
"District 23","Voting Age Population (Race)","Hispanic or Latino/a",4877
"District 24","Voting Age Population (Race)","Hispanic or Latino/a",3871
"District 25","Voting Age Population (Race)","Hispanic or Latino/a",9378
"District 26","Voting Age Population (Race)","Hispanic or Latino/a",2923
"District 27","Voting Age Population (Race)","Hispanic or Latino/a",3301
"District 28","Voting Age Population (Race)","Hispanic or Latino/a",7416
"District 29","Voting Age Population (Race)","Hispanic or Latino/a",9965
"District 3","Voting Age Population (Race)","Hispanic or Latino/a",2599
"District 30","Voting Age Population (Race)","Hispanic or Latino/a",4711
"District 31","Voting Age Population (Race)","Hispanic or Latino/a",3781
"District 32","Voting Age Population (Race)","Hispanic or Latino/a",3204
"District 33","Voting Age Population (Race)","Hispanic or Latino/a",4516
"District 34","Voting Age Population (Race)","Hispanic or Latino/a",3556
"District 35","Voting Age Population (Race)","Hispanic or Latino/a",2022
"District 36","Voting Age Population (Race)","Hispanic or Latino/a",1006
"District 37","Voting Age Population (Race)","Hispanic or Latino/a",1495
"District 38","Voting Age Population (Race)","Hispanic or Latino/a",20339
"District 39","Voting Age Population (Race)","Hispanic or Latino/a",17329
"District 4","Voting Age Population (Race)","Hispanic or Latino/a",11262
"District 40","Voting Age Population (Race)","Hispanic or Latino/a",2361
"District 5","Voting Age Population (Race)","Hispanic or Latino/a",3899
"District 6","Voting Age Population (Race)","Hispanic or Latino/a",14452
"District 7","Voting Age Population (Race)","Hispanic or Latino/a",2678
"District 8","Voting Age Population (Race)","Hispanic or Latino/a",2464
"District 9","Voting Age Population (Race)","Hispanic or Latino/a",4786
"District 1","Voting Age Population (Race)","Multiracial",1045
"District 10","Voting Age Population (Race)","Multiracial",1091
"District 11","Voting Age Population (Race)","Multiracial",565
"District 12","Voting Age Population (Race)","Multiracial",1068
"District 13","Voting Age Population (Race)","Multiracial",1306
"District 14","Voting Age Population (Race)","Multiracial",974
"District 15","Voting Age Population (Race)","Multiracial",1793
"District 16","Voting Age Population (Race)","Multiracial",960
"District 17","Voting Age Population (Race)","Multiracial",1910
"District 18","Voting Age Population (Race)","Multiracial",1859
"District 19","Voting Age Population (Race)","Multiracial",1808
"District 2","Voting Age Population (Race)","Multiracial",1800
"District 20","Voting Age Population (Race)","Multiracial",1231
"District 21","Voting Age Population (Race)","Multiracial",1040
"District 22","Voting Age Population (Race)","Multiracial",1673
"District 23","Voting Age Population (Race)","Multiracial",813
"District 24","Voting Age Population (Race)","Multiracial",1012
"District 25","Voting Age Population (Race)","Multiracial",1648
"District 26","Voting Age Population (Race)","Multiracial",863
"District 27","Voting Age Population (Race)","Multiracial",897
"District 28","Voting Age Population (Race)","Multiracial",1573
"District 29","Voting Age Population (Race)","Multiracial",1401
"District 3","Voting Age Population (Race)","Multiracial",1927
"District 30","Voting Age Population (Race)","Multiracial",1704
"District 31","Voting Age Population (Race)","Multiracial",746
"District 32","Voting Age Population (Race)","Multiracial",1022
"District 33","Voting Age Population (Race)","Multiracial",659
"District 34","Voting Age Population (Race)","Multiracial",909
"District 35","Voting Age Population (Race)","Multiracial",761
"District 36","Voting Age Population (Race)","Multiracial",522
"District 37","Voting Age Population (Race)","Multiracial",794
"District 38","Voting Age Population (Race)","Multiracial",788
"District 39","Voting Age Population (Race)","Multiracial",880
"District 4","Voting Age Population (Race)","Multiracial",1377
"District 40","Voting Age Population (Race)","Multiracial",803
"District 5","Voting Age Population (Race)","Multiracial",1437
"District 6","Voting Age Population (Race)","Multiracial",1135
"District 7","Voting Age Population (Race)","Multiracial",870
"District 8","Voting Age Population (Race)","Multiracial",932
"District 9","Voting Age Population (Race)","Multiracial",1008
"District 1","Voting Age Population (Race)","Native American/American Indian",1422
"District 10","Voting Age Population (Race)","Native American/American Indian",184
"District 11","Voting Age Population (Race)","Native American/American Indian",129
"District 12","Voting Age Population (Race)","Native American/American Indian",435
"District 13","Voting Age Population (Race)","Native American/American Indian",813
"District 14","Voting Age Population (Race)","Native American/American Indian",607
"District 15","Voting Age Population (Race)","Native American/American Indian",886
"District 16","Voting Age Population (Race)","Native American/American Indian",396
"District 17","Voting Age Population (Race)","Native American/American Indian",370
"District 18","Voting Age Population (Race)","Native American/American Indian",460
"District 19","Voting Age Population (Race)","Native American/American Indian",590
"District 2","Voting Age Population (Race)","Native American/American Indian",1283
"District 20","Voting Age Population (Race)","Native American/American Indian",291
"District 21","Voting Age Population (Race)","Native American/American Indian",106
"District 22","Voting Age Population (Race)","Native American/American Indian",355
"District 23","Voting Age Population (Race)","Native American/American Indian",169
"District 24","Voting Age Population (Race)","Native American/American Indian",281
"District 25","Voting Age Population (Race)","Native American/American Indian",738
"District 26","Voting Age Population (Race)","Native American/American Indian",537
"District 27","Voting Age Population (Race)","Native American/American Indian",484
"District 28","Voting Age Population (Race)","Native American/American Indian",329
"District 29","Voting Age Population (Race)","Native American/American Indian",519
"District 3","Voting Age Population (Race)","Native American/American Indian",1064
"District 30","Voting Age Population (Race)","Native American/American Indian",208
"District 31","Voting Age Population (Race)","Native American/American Indian",391
"District 32","Voting Age Population (Race)","Native American/American Indian",741
"District 33","Voting Age Population (Race)","Native American/American Indian",246
"District 34","Voting Age Population (Race)","Native American/American Indian",394
"District 35","Voting Age Population (Race)","Native American/American Indian",353
"District 36","Voting Age Population (Race)","Native American/American Indian",177
"District 37","Voting Age Population (Race)","Native American/American Indian",163
"District 38","Voting Age Population (Race)","Native American/American Indian",321
"District 39","Voting Age Population (Race)","Native American/American Indian",453
"District 4","Voting Age Population (Race)","Native American/American Indian",483
"District 40","Voting Age Population (Race)","Native American/American Indian",216
"District 5","Voting Age Population (Race)","Native American/American Indian",347
"District 6","Voting Age Population (Race)","Native American/American Indian",191
"District 7","Voting Age Population (Race)","Native American/American Indian",48
"District 8","Voting Age Population (Race)","Native American/American Indian",175
"District 9","Voting Age Population (Race)","Native American/American Indian",269
"District 1","Voting Age Population (Race)","Pacific Islander",24
"District 10","Voting Age Population (Race)","Pacific Islander",16
"District 11","Voting Age Population (Race)","Pacific Islander",42
"District 12","Voting Age Population (Race)","Pacific Islander",14
"District 13","Voting Age Population (Race)","Pacific Islander",7
"District 14","Voting Age Population (Race)","Pacific Islander",20
"District 15","Voting Age Population (Race)","Pacific Islander",42
"District 16","Voting Age Population (Race)","Pacific Islander",0
"District 17","Voting Age Population (Race)","Pacific Islander",172
"District 18","Voting Age Population (Race)","Pacific Islander",70
"District 19","Voting Age Population (Race)","Pacific Islander",0
"District 2","Voting Age Population (Race)","Pacific Islander",24
"District 20","Voting Age Population (Race)","Pacific Islander",35
"District 21","Voting Age Population (Race)","Pacific Islander",23
"District 22","Voting Age Population (Race)","Pacific Islander",203
"District 23","Voting Age Population (Race)","Pacific Islander",15
"District 24","Voting Age Population (Race)","Pacific Islander",15
"District 25","Voting Age Population (Race)","Pacific Islander",18
"District 26","Voting Age Population (Race)","Pacific Islander",45
"District 27","Voting Age Population (Race)","Pacific Islander",0
"District 28","Voting Age Population (Race)","Pacific Islander",0
"District 29","Voting Age Population (Race)","Pacific Islander",13
"District 3","Voting Age Population (Race)","Pacific Islander",3
"District 30","Voting Age Population (Race)","Pacific Islander",111
"District 31","Voting Age Population (Race)","Pacific Islander",22
"District 32","Voting Age Population (Race)","Pacific Islander",20
"District 33","Voting Age Population (Race)","Pacific Islander",12
"District 34","Voting Age Population (Race)","Pacific Islander",33
"District 35","Voting Age Population (Race)","Pacific Islander",12
"District 36","Voting Age Population (Race)","Pacific Islander",39
"District 37","Voting Age Population (Race)","Pacific Islander",0
"District 38","Voting Age Population (Race)","Pacific Islander",15
"District 39","Voting Age Population (Race)","Pacific Islander",9
"District 4","Voting Age Population (Race)","Pacific Islander",82
"District 40","Voting Age Population (Race)","Pacific Islander",46
"District 5","Voting Age Population (Race)","Pacific Islander",77
"District 6","Voting Age Population (Race)","Pacific Islander",13
"District 7","Voting Age Population (Race)","Pacific Islander",32
"District 8","Voting Age Population (Race)","Pacific Islander",0
"District 9","Voting Age Population (Race)","Pacific Islander",36
"District 1","Voting Age Population (Race)","White/European-American",48938
"District 10","Voting Age Population (Race)","White/European-American",44885
"District 11","Voting Age Population (Race)","White/European-American",45883
"District 12","Voting Age Population (Race)","White/European-American",48786
"District 13","Voting Age Population (Race)","White/European-American",49882
"District 14","Voting Age Population (Race)","White/European-American",49279
"District 15","Voting Age Population (Race)","White/European-American",45652
"District 16","Voting Age Population (Race)","White/European-American",45433
"District 17","Voting Age Population (Race)","White/European-American",39213
"District 18","Voting Age Population (Race)","White/European-American",44031
"District 19","Voting Age Population (Race)","White/European-American",39067
"District 2","Voting Age Population (Race)","White/European-American",57463
"District 20","Voting Age Population (Race)","White/European-American",47197
"District 21","Voting Age Population (Race)","White/European-American",46196
"District 22","Voting Age Population (Race)","White/European-American",56869
"District 23","Voting Age Population (Race)","White/European-American",40523
"District 24","Voting Age Population (Race)","White/European-American",45987
"District 25","Voting Age Population (Race)","White/European-American",38583
"District 26","Voting Age Population (Race)","White/European-American",45339
"District 27","Voting Age Population (Race)","White/European-American",46215
"District 28","Voting Age Population (Race)","White/European-American",36473
"District 29","Voting Age Population (Race)","White/European-American",22268
"District 3","Voting Age Population (Race)","White/European-American",49404
"District 30","Voting Age Population (Race)","White/European-American",37701
"District 31","Voting Age Population (Race)","White/European-American",46552
"District 32","Voting Age Population (Race)","White/European-American",46366
"District 33","Voting Age Population (Race)","White/European-American",47506
"District 34","Voting Age Population (Race)","White/European-American",47381
"District 35","Voting Age Population (Race)","White/European-American",49953
"District 36","Voting Age Population (Race)","White/European-American",51138
"District 37","Voting Age Population (Race)","White/European-American",46933
"District 38","Voting Age Population (Race)","White/European-American",26107
"District 39","Voting Age Population (Race)","White/European-American",28889
"District 4","Voting Age Population (Race)","White/European-American",16576
"District 40","Voting Age Population (Race)","White/European-American",53290
"District 5","Voting Age Population (Race)","White/European-American",40251
"District 6","Voting Age Population (Race)","White/European-American",28066
"District 7","Voting Age Population (Race)","White/European-American",50919
"District 8","Voting Age Population (Race)","White/European-American",46034
"District 9","Voting Age Population (Race)","White/European-American",43203
"District 1","Voting Age Population (Race)","Other Race",89
"District 10","Voting Age Population (Race)","Other Race",516
"District 11","Voting Age Population (Race)","Other Race",134
"District 12","Voting Age Population (Race)","Other Race",458
"District 13","Voting Age Population (Race)","Other Race",211
"District 14","Voting Age Population (Race)","Other Race",166
"District 15","Voting Age Population (Race)","Other Race",306
"District 16","Voting Age Population (Race)","Other Race",265
"District 17","Voting Age Population (Race)","Other Race",1070
"District 18","Voting Age Population (Race)","Other Race",767
"District 19","Voting Age Population (Race)","Other Race",1116
"District 2","Voting Age Population (Race)","Other Race",377
"District 20","Voting Age Population (Race)","Other Race",491
"District 21","Voting Age Population (Race)","Other Race",469
"District 22","Voting Age Population (Race)","Other Race",738
"District 23","Voting Age Population (Race)","Other Race",794
"District 24","Voting Age Population (Race)","Other Race",1125
"District 25","Voting Age Population (Race)","Other Race",2035
"District 26","Voting Age Population (Race)","Other Race",155
"District 27","Voting Age Population (Race)","Other Race",279
"District 28","Voting Age Population (Race)","Other Race",991
"District 29","Voting Age Population (Race)","Other Race",2843
"District 3","Voting Age Population (Race)","Other Race",259
"District 30","Voting Age Population (Race)","Other Race",751
"District 31","Voting Age Population (Race)","Other Race",721
"District 32","Voting Age Population (Race)","Other Race",648
"District 33","Voting Age Population (Race)","Other Race",1085
"District 34","Voting Age Population (Race)","Other Race",787
"District 35","Voting Age Population (Race)","Other Race",579
"District 36","Voting Age Population (Race)","Other Race",208
"District 37","Voting Age Population (Race)","Other Race",215
"District 38","Voting Age Population (Race)","Other Race",6024
"District 39","Voting Age Population (Race)","Other Race",5877
"District 4","Voting Age Population (Race)","Other Race",3022
"District 40","Voting Age Population (Race)","Other Race",516
"District 5","Voting Age Population (Race)","Other Race",874
"District 6","Voting Age Population (Race)","Other Race",4021
"District 7","Voting Age Population (Race)","Other Race",299
"District 8","Voting Age Population (Race)","Other Race",374
"District 9","Voting Age Population (Race)","Other Race",1051
"District 1","Health Insurance","With",63443
"District 10","Health Insurance","With",65961
"District 11","Health Insurance","With",68905
"District 12","Health Insurance","With",61688
"District 13","Health Insurance","With",61388
"District 14","Health Insurance","With",59629
"District 15","Health Insurance","With",59768
"District 16","Health Insurance","With",65679
"District 17","Health Insurance","With",60975
"District 18","Health Insurance","With",61710
"District 19","Health Insurance","With",60331
"District 2","Health Insurance","With",73848
"District 20","Health Insurance","With",64696
"District 21","Health Insurance","With",66996
"District 22","Health Insurance","With",74309
"District 23","Health Insurance","With",65423
"District 24","Health Insurance","With",61520
"District 25","Health Insurance","With",56616
"District 26","Health Insurance","With",63961
"District 27","Health Insurance","With",66818
"District 28","Health Insurance","With",59943
"District 29","Health Insurance","With",54437
"District 3","Health Insurance","With",67391
"District 30","Health Insurance","With",63311
"District 31","Health Insurance","With",66158
"District 32","Health Insurance","With",59942
"District 33","Health Insurance","With",59865
"District 34","Health Insurance","With",58856
"District 35","Health Insurance","With",61317
"District 36","Health Insurance","With",61062
"District 37","Health Insurance","With",69029
"District 38","Health Insurance","With",57399
"District 39","Health Insurance","With",58784
"District 4","Health Insurance","With",53596
"District 40","Health Insurance","With",65202
"District 5","Health Insurance","With",60751
"District 6","Health Insurance","With",53155
"District 7","Health Insurance","With",68205
"District 8","Health Insurance","With",66924
"District 9","Health Insurance","With",66762
"District 1","Health Insurance","Without",6753
"District 10","Health Insurance","Without",5645
"District 11","Health Insurance","Without",2002
"District 12","Health Insurance","Without",6961
"District 13","Health Insurance","Without",9182
"District 14","Health Insurance","Without",7939
"District 15","Health Insurance","Without",8780
"District 16","Health Insurance","Without",5719
"District 17","Health Insurance","Without",8430
"District 18","Health Insurance","Without",7514
"District 19","Health Insurance","Without",9257
"District 2","Health Insurance","Without",7910
"District 20","Health Insurance","Without",5935
"District 21","Health Insurance","Without",7065
"District 22","Health Insurance","Without",5299
"District 23","Health Insurance","Without",7179
"District 24","Health Insurance","Without",8097
"District 25","Health Insurance","Without",14900
"District 26","Health Insurance","Without",6640
"District 27","Health Insurance","Without",3909
"District 28","Health Insurance","Without",12157
"District 29","Health Insurance","Without",12937
"District 3","Health Insurance","Without",7351
"District 30","Health Insurance","Without",9230
"District 31","Health Insurance","Without",6539
"District 32","Health Insurance","Without",7476
"District 33","Health Insurance","Without",7996
"District 34","Health Insurance","Without",8584
"District 35","Health Insurance","Without",5525
"District 36","Health Insurance","Without",5902
"District 37","Health Insurance","Without",4367
"District 38","Health Insurance","Without",12476
"District 39","Health Insurance","Without",10582
"District 4","Health Insurance","Without",18406
"District 40","Health Insurance","Without",6529
"District 5","Health Insurance","Without",5163
"District 6","Health Insurance","Without",16770
"District 7","Health Insurance","Without",4164
"District 8","Health Insurance","Without",4351
"District 9","Health Insurance","Without",6498
"District 1","Language at Home","English Only",65067
"District 10","Language at Home","English Only",62554
"District 11","Language at Home","English Only",59953
"District 12","Language at Home","English Only",63753
"District 13","Language at Home","English Only",64561
"District 14","Language at Home","English Only",64056
"District 15","Language at Home","English Only",62500
"District 16","Language at Home","English Only",62908
"District 17","Language at Home","English Only",58035
"District 18","Language at Home","English Only",61996
"District 19","Language at Home","English Only",59390
"District 2","Language at Home","English Only",70529
"District 20","Language at Home","English Only",63065
"District 21","Language at Home","English Only",60332
"District 22","Language at Home","English Only",73543
"District 23","Language at Home","English Only",57082
"District 24","Language at Home","English Only",60339
"District 25","Language at Home","English Only",54183
"District 26","Language at Home","English Only",62397
"District 27","Language at Home","English Only",62210
"District 28","Language at Home","English Only",55083
"District 29","Language at Home","English Only",49109
"District 3","Language at Home","English Only",66557
"District 30","Language at Home","English Only",56278
"District 31","Language at Home","English Only",61780
"District 32","Language at Home","English Only",60984
"District 33","Language at Home","English Only",59179
"District 34","Language at Home","English Only",60768
"District 35","Language at Home","English Only",62752
"District 36","Language at Home","English Only",62675
"District 37","Language at Home","English Only",65199
"District 38","Language at Home","English Only",34938
"District 39","Language at Home","English Only",41320
"District 4","Language at Home","English Only",49132
"District 40","Language at Home","English Only",65145
"District 5","Language at Home","English Only",62860
"District 6","Language at Home","English Only",44592
"District 7","Language at Home","English Only",63144
"District 8","Language at Home","English Only",58758
"District 9","Language at Home","English Only",59192
"District 1","Language at Home","Spanish, Always or Sometimes",725
"District 10","Language at Home","Spanish, Always or Sometimes",2561
"District 11","Language at Home","Spanish, Always or Sometimes",1642
"District 12","Language at Home","Spanish, Always or Sometimes",609
"District 13","Language at Home","Spanish, Always or Sometimes",1855
"District 14","Language at Home","Spanish, Always or Sometimes",896
"District 15","Language at Home","Spanish, Always or Sometimes",1731
"District 16","Language at Home","Spanish, Always or Sometimes",1581
"District 17","Language at Home","Spanish, Always or Sometimes",7395
"District 18","Language at Home","Spanish, Always or Sometimes",2734
"District 19","Language at Home","Spanish, Always or Sometimes",6069
"District 2","Language at Home","Spanish, Always or Sometimes",2326
"District 20","Language at Home","Spanish, Always or Sometimes",1920
"District 21","Language at Home","Spanish, Always or Sometimes",4718
"District 22","Language at Home","Spanish, Always or Sometimes",2797
"District 23","Language at Home","Spanish, Always or Sometimes",5922
"District 24","Language at Home","Spanish, Always or Sometimes",4020
"District 25","Language at Home","Spanish, Always or Sometimes",10684
"District 26","Language at Home","Spanish, Always or Sometimes",2056
"District 27","Language at Home","Spanish, Always or Sometimes",2354
"District 28","Language at Home","Spanish, Always or Sometimes",8121
"District 29","Language at Home","Spanish, Always or Sometimes",11442
"District 3","Language at Home","Spanish, Always or Sometimes",2127
"District 30","Language at Home","Spanish, Always or Sometimes",5016
"District 31","Language at Home","Spanish, Always or Sometimes",3829
"District 32","Language at Home","Spanish, Always or Sometimes",2700
"District 33","Language at Home","Spanish, Always or Sometimes",5799
"District 34","Language at Home","Spanish, Always or Sometimes",3333
"District 35","Language at Home","Spanish, Always or Sometimes",1527
"District 36","Language at Home","Spanish, Always or Sometimes",976
"District 37","Language at Home","Spanish, Always or Sometimes",895
"District 38","Language at Home","Spanish, Always or Sometimes",26667
"District 39","Language at Home","Spanish, Always or Sometimes",19726
"District 4","Language at Home","Spanish, Always or Sometimes",13712
"District 40","Language at Home","Spanish, Always or Sometimes",2321
"District 5","Language at Home","Spanish, Always or Sometimes",2690
"District 6","Language at Home","Spanish, Always or Sometimes",16738
"District 7","Language at Home","Spanish, Always or Sometimes",2147
"District 8","Language at Home","Spanish, Always or Sometimes",2271
"District 9","Language at Home","Spanish, Always or Sometimes",5316
"District 1","Language at Home","Asian/Pacific, Always or Sometimes",210
"District 10","Language at Home","Asian/Pacific, Always or Sometimes",1113
"District 11","Language at Home","Asian/Pacific, Always or Sometimes",3137
"District 12","Language at Home","Asian/Pacific, Always or Sometimes",138
"District 13","Language at Home","Asian/Pacific, Always or Sometimes",616
"District 14","Language at Home","Asian/Pacific, Always or Sometimes",165
"District 15","Language at Home","Asian/Pacific, Always or Sometimes",257
"District 16","Language at Home","Asian/Pacific, Always or Sometimes",1800
"District 17","Language at Home","Asian/Pacific, Always or Sometimes",1541
"District 18","Language at Home","Asian/Pacific, Always or Sometimes",310
"District 19","Language at Home","Asian/Pacific, Always or Sometimes",93
"District 2","Language at Home","Asian/Pacific, Always or Sometimes",2515
"District 20","Language at Home","Asian/Pacific, Always or Sometimes",940
"District 21","Language at Home","Asian/Pacific, Always or Sometimes",1246
"District 22","Language at Home","Asian/Pacific, Always or Sometimes",2767
"District 23","Language at Home","Asian/Pacific, Always or Sometimes",2120
"District 24","Language at Home","Asian/Pacific, Always or Sometimes",903
"District 25","Language at Home","Asian/Pacific, Always or Sometimes",981
"District 26","Language at Home","Asian/Pacific, Always or Sometimes",1469
"District 27","Language at Home","Asian/Pacific, Always or Sometimes",963
"District 28","Language at Home","Asian/Pacific, Always or Sometimes",2475
"District 29","Language at Home","Asian/Pacific, Always or Sometimes",1826
"District 3","Language at Home","Asian/Pacific, Always or Sometimes",1421
"District 30","Language at Home","Asian/Pacific, Always or Sometimes",4641
"District 31","Language at Home","Asian/Pacific, Always or Sometimes",891
"District 32","Language at Home","Asian/Pacific, Always or Sometimes",570
"District 33","Language at Home","Asian/Pacific, Always or Sometimes",114
"District 34","Language at Home","Asian/Pacific, Always or Sometimes",197
"District 35","Language at Home","Asian/Pacific, Always or Sometimes",287
"District 36","Language at Home","Asian/Pacific, Always or Sometimes",206
"District 37","Language at Home","Asian/Pacific, Always or Sometimes",1431
"District 38","Language at Home","Asian/Pacific, Always or Sometimes",1075
"District 39","Language at Home","Asian/Pacific, Always or Sometimes",1325
"District 4","Language at Home","Asian/Pacific, Always or Sometimes",2399
"District 40","Language at Home","Asian/Pacific, Always or Sometimes",463
"District 5","Language at Home","Asian/Pacific, Always or Sometimes",741
"District 6","Language at Home","Asian/Pacific, Always or Sometimes",1490
"District 7","Language at Home","Asian/Pacific, Always or Sometimes",1080
"District 8","Language at Home","Asian/Pacific, Always or Sometimes",2384
"District 9","Language at Home","Asian/Pacific, Always or Sometimes",1561
"District 1","Language at Home","Other Indo-European, Always or Sometimes",397
"District 10","Language at Home","Other Indo-European, Always or Sometimes",730
"District 11","Language at Home","Other Indo-European, Always or Sometimes",3023
"District 12","Language at Home","Other Indo-European, Always or Sometimes",541
"District 13","Language at Home","Other Indo-European, Always or Sometimes",226
"District 14","Language at Home","Other Indo-European, Always or Sometimes",446
"District 15","Language at Home","Other Indo-European, Always or Sometimes",404
"District 16","Language at Home","Other Indo-European, Always or Sometimes",933
"District 17","Language at Home","Other Indo-European, Always or Sometimes",761
"District 18","Language at Home","Other Indo-European, Always or Sometimes",646
"District 19","Language at Home","Other Indo-European, Always or Sometimes",478
"District 2","Language at Home","Other Indo-European, Always or Sometimes",1633
"District 20","Language at Home","Other Indo-European, Always or Sometimes",881
"District 21","Language at Home","Other Indo-European, Always or Sometimes",1692
"District 22","Language at Home","Other Indo-European, Always or Sometimes",1199
"District 23","Language at Home","Other Indo-European, Always or Sometimes",1428
"District 24","Language at Home","Other Indo-European, Always or Sometimes",565
"District 25","Language at Home","Other Indo-European, Always or Sometimes",420
"District 26","Language at Home","Other Indo-European, Always or Sometimes",221
"District 27","Language at Home","Other Indo-European, Always or Sometimes",731
"District 28","Language at Home","Other Indo-European, Always or Sometimes",443
"District 29","Language at Home","Other Indo-European, Always or Sometimes",1114
"District 3","Language at Home","Other Indo-European, Always or Sometimes",945
"District 30","Language at Home","Other Indo-European, Always or Sometimes",1286
"District 31","Language at Home","Other Indo-European, Always or Sometimes",975
"District 32","Language at Home","Other Indo-European, Always or Sometimes",306
"District 33","Language at Home","Other Indo-European, Always or Sometimes",588
"District 34","Language at Home","Other Indo-European, Always or Sometimes",1447
"District 35","Language at Home","Other Indo-European, Always or Sometimes",776
"District 36","Language at Home","Other Indo-European, Always or Sometimes",524
"District 37","Language at Home","Other Indo-European, Always or Sometimes",911
"District 38","Language at Home","Other Indo-European, Always or Sometimes",747
"District 39","Language at Home","Other Indo-European, Always or Sometimes",1219
"District 4","Language at Home","Other Indo-European, Always or Sometimes",885
"District 40","Language at Home","Other Indo-European, Always or Sometimes",790
"District 5","Language at Home","Other Indo-European, Always or Sometimes",955
"District 6","Language at Home","Other Indo-European, Always or Sometimes",555
"District 7","Language at Home","Other Indo-European, Always or Sometimes",1375
"District 8","Language at Home","Other Indo-European, Always or Sometimes",2899
"District 9","Language at Home","Other Indo-European, Always or Sometimes",1321
"District 1","Language at Home","Other, Always or Sometimes",160
"District 10","Language at Home","Other, Always or Sometimes",697
"District 11","Language at Home","Other, Always or Sometimes",253
"District 12","Language at Home","Other, Always or Sometimes",100
"District 13","Language at Home","Other, Always or Sometimes",280
"District 14","Language at Home","Other, Always or Sometimes",72
"District 15","Language at Home","Other, Always or Sometimes",69
"District 16","Language at Home","Other, Always or Sometimes",554
"District 17","Language at Home","Other, Always or Sometimes",501
"District 18","Language at Home","Other, Always or Sometimes",152
"District 19","Language at Home","Other, Always or Sometimes",24
"District 2","Language at Home","Other, Always or Sometimes",1168
"District 20","Language at Home","Other, Always or Sometimes",153
"District 21","Language at Home","Other, Always or Sometimes",878
"District 22","Language at Home","Other, Always or Sometimes",473
"District 23","Language at Home","Other, Always or Sometimes",1163
"District 24","Language at Home","Other, Always or Sometimes",27
"District 25","Language at Home","Other, Always or Sometimes",303
"District 26","Language at Home","Other, Always or Sometimes",3
"District 27","Language at Home","Other, Always or Sometimes",200
"District 28","Language at Home","Other, Always or Sometimes",205
"District 29","Language at Home","Other, Always or Sometimes",308
"District 3","Language at Home","Other, Always or Sometimes",284
"District 30","Language at Home","Other, Always or Sometimes",1356
"District 31","Language at Home","Other, Always or Sometimes",382
"District 32","Language at Home","Other, Always or Sometimes",123
"District 33","Language at Home","Other, Always or Sometimes",52
"District 34","Language at Home","Other, Always or Sometimes",89
"District 35","Language at Home","Other, Always or Sometimes",148
"District 36","Language at Home","Other, Always or Sometimes",75
"District 37","Language at Home","Other, Always or Sometimes",486
"District 38","Language at Home","Other, Always or Sometimes",668
"District 39","Language at Home","Other, Always or Sometimes",402
"District 4","Language at Home","Other, Always or Sometimes",407
"District 40","Language at Home","Other, Always or Sometimes",86
"District 5","Language at Home","Other, Always or Sometimes",210
"District 6","Language at Home","Other, Always or Sometimes",800
"District 7","Language at Home","Other, Always or Sometimes",168
"District 8","Language at Home","Other, Always or Sometimes",914
"District 9","Language at Home","Other, Always or Sometimes",751
"District 1","Poverty","Below 100% of Poverty Level",9054
"District 10","Poverty","Below 100% of Poverty Level",5340
"District 11","Poverty","Below 100% of Poverty Level",2232
"District 12","Poverty","Below 100% of Poverty Level",10117
"District 13","Poverty","Below 100% of Poverty Level",13921
"District 14","Poverty","Below 100% of Poverty Level",10110
"District 15","Poverty","Below 100% of Poverty Level",12477
"District 16","Poverty","Below 100% of Poverty Level",4802
"District 17","Poverty","Below 100% of Poverty Level",11752
"District 18","Poverty","Below 100% of Poverty Level",11155
"District 19","Poverty","Below 100% of Poverty Level",11866
"District 2","Poverty","Below 100% of Poverty Level",13953
"District 20","Poverty","Below 100% of Poverty Level",6861
"District 21","Poverty","Below 100% of Poverty Level",5729
"District 22","Poverty","Below 100% of Poverty Level",16093
"District 23","Poverty","Below 100% of Poverty Level",4755
"District 24","Poverty","Below 100% of Poverty Level",10135
"District 25","Poverty","Below 100% of Poverty Level",17795
"District 26","Poverty","Below 100% of Poverty Level",5180
"District 27","Poverty","Below 100% of Poverty Level",3925
"District 28","Poverty","Below 100% of Poverty Level",14657
"District 29","Poverty","Below 100% of Poverty Level",17964
"District 3","Poverty","Below 100% of Poverty Level",9010
"District 30","Poverty","Below 100% of Poverty Level",10464
"District 31","Poverty","Below 100% of Poverty Level",7478
"District 32","Poverty","Below 100% of Poverty Level",9962
"District 33","Poverty","Below 100% of Poverty Level",8714
"District 34","Poverty","Below 100% of Poverty Level",8087
"District 35","Poverty","Below 100% of Poverty Level",6314
"District 36","Poverty","Below 100% of Poverty Level",7971
"District 37","Poverty","Below 100% of Poverty Level",3602
"District 38","Poverty","Below 100% of Poverty Level",11922
"District 39","Poverty","Below 100% of Poverty Level",10148
"District 4","Poverty","Below 100% of Poverty Level",20200
"District 40","Poverty","Below 100% of Poverty Level",8740
"District 5","Poverty","Below 100% of Poverty Level",8033
"District 6","Poverty","Below 100% of Poverty Level",17147
"District 7","Poverty","Below 100% of Poverty Level",3710
"District 8","Poverty","Below 100% of Poverty Level",4298
"District 9","Poverty","Below 100% of Poverty Level",5680
"District 1","Poverty","100% to 149% of Poverty Level",5936
"District 10","Poverty","100% to 149% of Poverty Level",3008
"District 11","Poverty","100% to 149% of Poverty Level",1494
"District 12","Poverty","100% to 149% of Poverty Level",6723
"District 13","Poverty","100% to 149% of Poverty Level",8709
"District 14","Poverty","100% to 149% of Poverty Level",6950
"District 15","Poverty","100% to 149% of Poverty Level",7811
"District 16","Poverty","100% to 149% of Poverty Level",5650
"District 17","Poverty","100% to 149% of Poverty Level",7988
"District 18","Poverty","100% to 149% of Poverty Level",6429
"District 19","Poverty","100% to 149% of Poverty Level",6227
"District 2","Poverty","100% to 149% of Poverty Level",5200
"District 20","Poverty","100% to 149% of Poverty Level",4812
"District 21","Poverty","100% to 149% of Poverty Level",4594
"District 22","Poverty","100% to 149% of Poverty Level",8025
"District 23","Poverty","100% to 149% of Poverty Level",4341
"District 24","Poverty","100% to 149% of Poverty Level",5883
"District 25","Poverty","100% to 149% of Poverty Level",9602
"District 26","Poverty","100% to 149% of Poverty Level",5094
"District 27","Poverty","100% to 149% of Poverty Level",3114
"District 28","Poverty","100% to 149% of Poverty Level",10520
"District 29","Poverty","100% to 149% of Poverty Level",9744
"District 3","Poverty","100% to 149% of Poverty Level",5960
"District 30","Poverty","100% to 149% of Poverty Level",6596
"District 31","Poverty","100% to 149% of Poverty Level",5538
"District 32","Poverty","100% to 149% of Poverty Level",6321
"District 33","Poverty","100% to 149% of Poverty Level",7800
"District 34","Poverty","100% to 149% of Poverty Level",7635
"District 35","Poverty","100% to 149% of Poverty Level",6009
"District 36","Poverty","100% to 149% of Poverty Level",8203
"District 37","Poverty","100% to 149% of Poverty Level",4154
"District 38","Poverty","100% to 149% of Poverty Level",8007
"District 39","Poverty","100% to 149% of Poverty Level",8519
"District 4","Poverty","100% to 149% of Poverty Level",10700
"District 40","Poverty","100% to 149% of Poverty Level",6833
"District 5","Poverty","100% to 149% of Poverty Level",5114
"District 6","Poverty","100% to 149% of Poverty Level",9280
"District 7","Poverty","100% to 149% of Poverty Level",2790
"District 8","Poverty","100% to 149% of Poverty Level",3389
"District 9","Poverty","100% to 149% of Poverty Level",4270
"District 1","Poverty","150% or Above Poverty Level",53559
"District 10","Poverty","150% or Above Poverty Level",62978
"District 11","Poverty","150% or Above Poverty Level",67165
"District 12","Poverty","150% or Above Poverty Level",50806
"District 13","Poverty","150% or Above Poverty Level",46356
"District 14","Poverty","150% or Above Poverty Level",49800
"District 15","Poverty","150% or Above Poverty Level",47382
"District 16","Poverty","150% or Above Poverty Level",61339
"District 17","Poverty","150% or Above Poverty Level",52781
"District 18","Poverty","150% or Above Poverty Level",50723
"District 19","Poverty","150% or Above Poverty Level",51497
"District 2","Poverty","150% or Above Poverty Level",55569
"District 20","Poverty","150% or Above Poverty Level",58639
"District 21","Poverty","150% or Above Poverty Level",63534
"District 22","Poverty","150% or Above Poverty Level",53940
"District 23","Poverty","150% or Above Poverty Level",62700
"District 24","Poverty","150% or Above Poverty Level",52782
"District 25","Poverty","150% or Above Poverty Level",43405
"District 26","Poverty","150% or Above Poverty Level",60274
"District 27","Poverty","150% or Above Poverty Level",63772
"District 28","Poverty","150% or Above Poverty Level",47053
"District 29","Poverty","150% or Above Poverty Level",38680
"District 3","Poverty","150% or Above Poverty Level",58358
"District 30","Poverty","150% or Above Poverty Level",56178
"District 31","Poverty","150% or Above Poverty Level",58889
"District 32","Poverty","150% or Above Poverty Level",50150
"District 33","Poverty","150% or Above Poverty Level",50900
"District 34","Poverty","150% or Above Poverty Level",51230
"District 35","Poverty","150% or Above Poverty Level",52755
"District 36","Poverty","150% or Above Poverty Level",50347
"District 37","Poverty","150% or Above Poverty Level",65442
"District 38","Poverty","150% or Above Poverty Level",49295
"District 39","Poverty","150% or Above Poverty Level",50342
"District 4","Poverty","150% or Above Poverty Level",40862
"District 40","Poverty","150% or Above Poverty Level",54855
"District 5","Poverty","150% or Above Poverty Level",53889
"District 6","Poverty","150% or Above Poverty Level",43311
"District 7","Poverty","150% or Above Poverty Level",65710
"District 8","Poverty","150% or Above Poverty Level",63438
"District 9","Poverty","150% or Above Poverty Level",63212
